{"eval/loss": 9.669292449951172, "eval/precision": 0.0003333333333333333, "eval/recall": 0.16666666666666666, "eval/f1_macro": 0.000665335994677312, "eval/accuracy": 0.002, "eval/runtime": 10.9158, "eval/samples_per_second": 45.805, "eval/steps_per_second": 0.092, "train/epoch": 0, "train/global_step": 0, "_timestamp": 1726092360.359267, "_runtime": 38.12598705291748, "_step": 0, "_wandb": {"runtime": 142}}