{"eval/loss": 8.500213623046875, "eval/precision": 0.017465903655519574, "eval/recall": 0.1668107173725151, "eval/f1_macro": 0.0007341588557232097, "eval/accuracy": 0.0014268599658092047, "eval/runtime": 111.0476, "eval/samples_per_second": 668.984, "eval/steps_per_second": 0.045, "train/epoch": 0, "train/global_step": 0, "_timestamp": 1726091619.9124572, "_runtime": 992.2626152038574, "_step": 0, "_wandb": {"runtime": 1399}}