{"eval/loss": 9.090863227844238, "eval/precision": 0.00030012004801920766, "eval/recall": 0.14285714285714285, "eval/f1_macro": 0.0005989817310572028, "eval/accuracy": 0.002, "eval/runtime": 10.6177, "eval/samples_per_second": 47.091, "eval/steps_per_second": 0.094, "train/epoch": 0, "train/global_step": 0, "_timestamp": 1726090262.6857853, "_runtime": 37.629563331604004, "_step": 0, "_wandb": {"runtime": 56}}