{"eval/loss": 3.4944372177124023, "eval/precision": 0.08399999999999999, "eval/recall": 0.2, "eval/f1_macro": 0.11830985915492957, "eval/accuracy": 0.42, "eval/runtime": 9.5005, "eval/samples_per_second": 10.526, "eval/steps_per_second": 0.105, "train/epoch": 0, "train/global_step": 0, "_timestamp": 1726095813.198722, "_runtime": 38.28420376777649, "_step": 0, "_wandb": {"runtime": 43}}