{"eval/loss": 3.4093899726867676, "eval/precision": 0.12631578947368421, "eval/recall": 0.2039337474120083, "eval/f1_macro": 0.13399374348279458, "eval/accuracy": 0.42, "eval/runtime": 9.6809, "eval/samples_per_second": 10.33, "eval/steps_per_second": 0.103, "train/epoch": 50.0, "train/global_step": 50, "_timestamp": 1726095420.8322306, "_runtime": 143.94779253005981, "_step": 3, "train/loss": 0.4403, "train/grad_norm": 0.29035454988479614, "train/learning_rate": 0.0, "train_runtime": 75.6286, "train_samples_per_second": 595.013, "train_steps_per_second": 0.661, "total_flos": 4.193676965376e+16, "train_loss": 0.4403007125854492, "test/loss": 0.5457581877708435, "test/precision": 0.20340136054421767, "test/recall": 0.25790200138026226, "test/f1_macro": 0.16845020059305774, "test/accuracy": 0.26, "test/runtime": 2.1589, "test/samples_per_second": 46.319, "test/steps_per_second": 0.463, "_wandb": {"runtime": 145}}