{"eval/loss": 9.026105880737305, "eval/precision": 0.00023335666900023335, "eval/recall": 0.16666666666666666, "eval/f1_macro": 0.0004660607876427311, "eval/accuracy": 0.0014, "eval/runtime": 24.304, "eval/samples_per_second": 411.456, "eval/steps_per_second": 0.082, "train/epoch": 0, "train/global_step": 0, "_timestamp": 1726088259.2618723, "_runtime": 57.05314540863037, "_step": 0, "_wandb": {"runtime": 139}}