{"eval/loss": 9.073737144470215, "eval/precision": 0.0003333333333333333, "eval/recall": 0.16666666666666666, "eval/f1_macro": 0.000665335994677312, "eval/accuracy": 0.002, "eval/runtime": 11.1126, "eval/samples_per_second": 44.994, "eval/steps_per_second": 0.09, "train/epoch": 10.0, "train/global_step": 10, "_timestamp": 1726090484.8995044, "_runtime": 145.40265440940857, "_step": 2, "train_runtime": 75.815, "train_samples_per_second": 593.55, "train_steps_per_second": 0.132, "total_flos": 4.193676965376e+16, "train_loss": 1.8584850311279297, "test/loss": 0.6089220643043518, "test/precision": 0.3044368858976558, "test/recall": 0.2619724447411363, "test/f1_macro": 0.2607208199474145, "test/accuracy": 0.5, "test/runtime": 2.8374, "test/samples_per_second": 176.216, "test/steps_per_second": 0.352, "_wandb": {"runtime": 147}}