{"eval/loss": 4.6004438400268555, "eval/precision": 0.08399999999999999, "eval/recall": 0.2, "eval/f1_macro": 0.11830985915492957, "eval/accuracy": 0.42, "eval/runtime": 9.7589, "eval/samples_per_second": 10.247, "eval/steps_per_second": 0.102, "train/epoch": 50.0, "train/global_step": 50, "_timestamp": 1726095705.5824392, "_runtime": 134.08603024482727, "_step": 3, "train/loss": 1.414, "train/grad_norm": 0.878292441368103, "train/learning_rate": 0.0, "train_runtime": 81.5538, "train_samples_per_second": 551.783, "train_steps_per_second": 0.613, "total_flos": 1.574221395456e+16, "train_loss": 1.4140252685546875, "test/loss": 0.9651244878768921, "test/precision": 0.041237113402061855, "test/recall": 0.2, "test/f1_macro": 0.06837606837606838, "test/accuracy": 0.2, "test/runtime": 2.2998, "test/samples_per_second": 43.481, "test/steps_per_second": 0.435, "_wandb": {"runtime": 135}}