{"eval/loss": 9.046012878417969, "eval/precision": 0.00023335666900023335, "eval/recall": 0.16666666666666666, "eval/f1_macro": 0.0004660607876427311, "eval/accuracy": 0.0014, "eval/runtime": 23.4471, "eval/samples_per_second": 426.492, "eval/steps_per_second": 0.128, "train/epoch": 0, "train/global_step": 0, "_timestamp": 1726088023.9235458, "_runtime": 160.20390582084656, "_step": 0, "_wandb": {"runtime": 262}}