{"eval/loss": 4.16831636428833, "eval/precision": 0.10686911041478758, "eval/recall": 0.16662752377331766, "eval/f1_macro": 0.1001489270210734, "eval/accuracy": 0.42792338031202465, "eval/runtime": 152.291, "eval/samples_per_second": 487.809, "eval/steps_per_second": 0.033, "train/epoch": 0, "train/global_step": 0, "_timestamp": 1726102472.30354, "_runtime": 173.57211995124817, "_step": 0}