{"eval/loss": 4.503212928771973, "eval/precision": 0.08399999999999999, "eval/recall": 0.2, "eval/f1_macro": 0.11830985915492957, "eval/accuracy": 0.42, "eval/runtime": 9.8996, "eval/samples_per_second": 10.101, "eval/steps_per_second": 0.101, "train/epoch": 50.0, "train/global_step": 50, "_timestamp": 1726096139.3677676, "_runtime": 149.42800164222717, "_step": 3, "train/loss": 0.6182, "train/grad_norm": 0.4741530120372772, "train/learning_rate": 0.0, "train_runtime": 77.0169, "train_samples_per_second": 584.287, "train_steps_per_second": 0.649, "total_flos": 4.193676965376e+16, "train_loss": 0.6182210159301758, "test/loss": 0.5541236996650696, "test/precision": 0.20871572871572874, "test/recall": 0.2800207039337474, "test/f1_macro": 0.16710657763658499, "test/accuracy": 0.25, "test/runtime": 2.0995, "test/samples_per_second": 47.629, "test/steps_per_second": 0.476, "_wandb": {"runtime": 151}}