{"eval/loss": 4.625673770904541, "eval/precision": 0.07136318970507073, "eval/recall": 0.16666666666666666, "eval/f1_macro": 0.099935908311184, "eval/accuracy": 0.4281791382304244, "eval/runtime": 110.91, "eval/samples_per_second": 669.813, "eval/steps_per_second": 0.045, "train/epoch": 2.4390243902439024, "train/global_step": 100, "_timestamp": 1726099954.2366881, "_runtime": 2330.4287140369415, "_step": 2, "train/loss": 0.3883, "train/grad_norm": 1.6221071481704712, "train/learning_rate": 0.00026341463414634146}