{"eval/loss": 4.3402791023254395, "eval/precision": 0.09957532534634465, "eval/recall": 0.166367724664397, "eval/f1_macro": 0.10027496317331257, "eval/accuracy": 0.42708880184145703, "eval/runtime": 111.4952, "eval/samples_per_second": 666.297, "eval/steps_per_second": 0.045, "train/epoch": 0, "train/global_step": 0, "_timestamp": 1726097506.0080764, "_runtime": 218.63030338287354, "_step": 0, "_wandb": {"runtime": 246}}